Method,Job,AnalyzeLaunchVariance,EvaluateOverhead,MaxAbsoluteError,MaxRelativeError,MinInvokeCount,MinIterationTime,OutlierMode,Affinity,EnvironmentVariables,Jit,LargeAddressAware,Platform,PowerPlanMode,Runtime,AllowVeryLargeObjects,Concurrent,CpuGroups,Force,HeapAffinitizeMask,HeapCount,NoAffinitize,RetainVm,Server,Arguments,BuildConfiguration,Clock,EngineFactory,NuGetReferences,Toolchain,IsMutator,InvocationCount,IterationCount,IterationTime,LaunchCount,MaxIterationCount,MaxWarmupIterationCount,MemoryRandomization,MinIterationCount,MinWarmupIterationCount,RunStrategy,UnrollFactor,WarmupCount,Workload,Library,Mean,Error,StdDev,Median,Code Size,Allocated
Match,Job-GPHEUC,False,Default,Default,Default,Default,Default,Default,01000000000000000000000000000000,Empty,RyuJit,Default,X64,8c5e7fda-e8bf-4a96-9a85-a6e23a8c635c,.NET 10.0,False,True,False,True,Default,Default,False,False,False,Default,Default,Default,Default,Default,Default,Default,Default,10,100ms,3,Default,Default,Default,Default,Default,Default,16,3,Literal,DotNetGlob,130.75 ns,2.212 ns,2.953 ns,130.61 ns,289 B,0 B
Match,Job-GPHEUC,False,Default,Default,Default,Default,Default,Default,01000000000000000000000000000000,Empty,RyuJit,Default,X64,8c5e7fda-e8bf-4a96-9a85-a6e23a8c635c,.NET 10.0,False,True,False,True,Default,Default,False,False,False,Default,Default,Default,Default,Default,Default,Default,Default,10,100ms,3,Default,Default,Default,Default,Default,Default,16,3,Literal,TeddDirectReused,43.39 ns,0.759 ns,1.088 ns,43.00 ns,289 B,0 B
Match,Job-GPHEUC,False,Default,Default,Default,Default,Default,Default,01000000000000000000000000000000,Empty,RyuJit,Default,X64,8c5e7fda-e8bf-4a96-9a85-a6e23a8c635c,.NET 10.0,False,True,False,True,Default,Default,False,False,False,Default,Default,Default,Default,Default,Default,Default,Default,10,100ms,3,Default,Default,Default,Default,Default,Default,16,3,Literal,TeddDirectStatic,55.66 ns,1.466 ns,2.055 ns,54.34 ns,289 B,0 B
Match,Job-GPHEUC,False,Default,Default,Default,Default,Default,Default,01000000000000000000000000000000,Empty,RyuJit,Default,X64,8c5e7fda-e8bf-4a96-9a85-a6e23a8c635c,.NET 10.0,False,True,False,True,Default,Default,False,False,False,Default,Default,Default,Default,Default,Default,Default,Default,10,100ms,3,Default,Default,Default,Default,Default,Default,16,3,LongText,DotNetGlob,"58,537.64 ns","2,094.977 ns","3,004.554 ns","59,797.40 ns",289 B,0 B
Match,Job-GPHEUC,False,Default,Default,Default,Default,Default,Default,01000000000000000000000000000000,Empty,RyuJit,Default,X64,8c5e7fda-e8bf-4a96-9a85-a6e23a8c635c,.NET 10.0,False,True,False,True,Default,Default,False,False,False,Default,Default,Default,Default,Default,Default,Default,Default,10,100ms,3,Default,Default,Default,Default,Default,Default,16,3,LongText,TeddDirectReused,420.27 ns,4.917 ns,6.893 ns,416.08 ns,289 B,0 B
Match,Job-GPHEUC,False,Default,Default,Default,Default,Default,Default,01000000000000000000000000000000,Empty,RyuJit,Default,X64,8c5e7fda-e8bf-4a96-9a85-a6e23a8c635c,.NET 10.0,False,True,False,True,Default,Default,False,False,False,Default,Default,Default,Default,Default,Default,Default,Default,10,100ms,3,Default,Default,Default,Default,Default,Default,16,3,LongText,TeddDirectStatic,623.55 ns,12.387 ns,16.536 ns,612.79 ns,289 B,0 B
Match,Job-GPHEUC,False,Default,Default,Default,Default,Default,Default,01000000000000000000000000000000,Empty,RyuJit,Default,X64,8c5e7fda-e8bf-4a96-9a85-a6e23a8c635c,.NET 10.0,False,True,False,True,Default,Default,False,False,False,Default,Default,Default,Default,Default,Default,Default,Default,10,100ms,3,Default,Default,Default,Default,Default,Default,16,3,MultiStar,DotNetGlob,482.81 ns,8.747 ns,12.821 ns,483.79 ns,289 B,0 B
Match,Job-GPHEUC,False,Default,Default,Default,Default,Default,Default,01000000000000000000000000000000,Empty,RyuJit,Default,X64,8c5e7fda-e8bf-4a96-9a85-a6e23a8c635c,.NET 10.0,False,True,False,True,Default,Default,False,False,False,Default,Default,Default,Default,Default,Default,Default,Default,10,100ms,3,Default,Default,Default,Default,Default,Default,16,3,MultiStar,TeddDirectReused,188.37 ns,1.836 ns,2.633 ns,189.12 ns,289 B,0 B
Match,Job-GPHEUC,False,Default,Default,Default,Default,Default,Default,01000000000000000000000000000000,Empty,RyuJit,Default,X64,8c5e7fda-e8bf-4a96-9a85-a6e23a8c635c,.NET 10.0,False,True,False,True,Default,Default,False,False,False,Default,Default,Default,Default,Default,Default,Default,Default,10,100ms,3,Default,Default,Default,Default,Default,Default,16,3,MultiStar,TeddDirectStatic,200.62 ns,1.296 ns,1.899 ns,200.77 ns,289 B,0 B
Match,Job-GPHEUC,False,Default,Default,Default,Default,Default,Default,01000000000000000000000000000000,Empty,RyuJit,Default,X64,8c5e7fda-e8bf-4a96-9a85-a6e23a8c635c,.NET 10.0,False,True,False,True,Default,Default,False,False,False,Default,Default,Default,Default,Default,Default,Default,Default,10,100ms,3,Default,Default,Default,Default,Default,Default,16,3,Simple,DotNetGlob,169.13 ns,1.549 ns,2.319 ns,169.57 ns,289 B,0 B
Match,Job-GPHEUC,False,Default,Default,Default,Default,Default,Default,01000000000000000000000000000000,Empty,RyuJit,Default,X64,8c5e7fda-e8bf-4a96-9a85-a6e23a8c635c,.NET 10.0,False,True,False,True,Default,Default,False,False,False,Default,Default,Default,Default,Default,Default,Default,Default,10,100ms,3,Default,Default,Default,Default,Default,Default,16,3,Simple,TeddDirectReused,55.78 ns,2.569 ns,3.765 ns,54.03 ns,289 B,0 B
Match,Job-GPHEUC,False,Default,Default,Default,Default,Default,Default,01000000000000000000000000000000,Empty,RyuJit,Default,X64,8c5e7fda-e8bf-4a96-9a85-a6e23a8c635c,.NET 10.0,False,True,False,True,Default,Default,False,False,False,Default,Default,Default,Default,Default,Default,Default,Default,10,100ms,3,Default,Default,Default,Default,Default,Default,16,3,Simple,TeddDirectStatic,79.74 ns,1.498 ns,2.148 ns,80.05 ns,289 B,0 B
