Method,Job,AnalyzeLaunchVariance,EvaluateOverhead,MaxAbsoluteError,MaxRelativeError,MinInvokeCount,MinIterationTime,OutlierMode,Affinity,EnvironmentVariables,Jit,LargeAddressAware,Platform,PowerPlanMode,Runtime,AllowVeryLargeObjects,Concurrent,CpuGroups,Force,HeapAffinitizeMask,HeapCount,NoAffinitize,RetainVm,Server,Arguments,BuildConfiguration,Clock,EngineFactory,NuGetReferences,Toolchain,IsMutator,InvocationCount,IterationCount,IterationTime,LaunchCount,MaxIterationCount,MaxWarmupIterationCount,MemoryRandomization,MinIterationCount,MinWarmupIterationCount,RunStrategy,UnrollFactor,WarmupCount,Workload,Library,Mean,Error,StdDev,Code Size,Allocated
Match,Job-ZMHJYT,False,Default,Default,Default,Default,Default,Default,01000000000000000000000000000000,DOTNET_TieredCompilation=0,RyuJit,Default,X64,8c5e7fda-e8bf-4a96-9a85-a6e23a8c635c,.NET 10.0,False,True,False,True,Default,Default,False,False,False,Default,Default,Default,Default,Default,Default,Default,Default,10,100ms,3,Default,Default,Default,Default,Default,Default,16,3,Literal,DotNetGlob,15.311 ns,0.0494 ns,0.0692 ns,67 B,0 B
Match,Job-ZMHJYT,False,Default,Default,Default,Default,Default,Default,01000000000000000000000000000000,DOTNET_TieredCompilation=0,RyuJit,Default,X64,8c5e7fda-e8bf-4a96-9a85-a6e23a8c635c,.NET 10.0,False,True,False,True,Default,Default,False,False,False,Default,Default,Default,Default,Default,Default,Default,Default,10,100ms,3,Default,Default,Default,Default,Default,Default,16,3,Literal,TeddDirectReused,5.920 ns,0.5838 ns,0.8184 ns,67 B,0 B
Match,Job-ZMHJYT,False,Default,Default,Default,Default,Default,Default,01000000000000000000000000000000,DOTNET_TieredCompilation=0,RyuJit,Default,X64,8c5e7fda-e8bf-4a96-9a85-a6e23a8c635c,.NET 10.0,False,True,False,True,Default,Default,False,False,False,Default,Default,Default,Default,Default,Default,Default,Default,10,100ms,3,Default,Default,Default,Default,Default,Default,16,3,Literal,TeddDirectStatic,14.925 ns,0.0642 ns,0.0921 ns,67 B,0 B
Match,Job-ZMHJYT,False,Default,Default,Default,Default,Default,Default,01000000000000000000000000000000,DOTNET_TieredCompilation=0,RyuJit,Default,X64,8c5e7fda-e8bf-4a96-9a85-a6e23a8c635c,.NET 10.0,False,True,False,True,Default,Default,False,False,False,Default,Default,Default,Default,Default,Default,Default,Default,10,100ms,3,Default,Default,Default,Default,Default,Default,16,3,LongText,DotNetGlob,"7,346.052 ns",70.6703 ns,99.0699 ns,67 B,0 B
Match,Job-ZMHJYT,False,Default,Default,Default,Default,Default,Default,01000000000000000000000000000000,DOTNET_TieredCompilation=0,RyuJit,Default,X64,8c5e7fda-e8bf-4a96-9a85-a6e23a8c635c,.NET 10.0,False,True,False,True,Default,Default,False,False,False,Default,Default,Default,Default,Default,Default,Default,Default,10,100ms,3,Default,Default,Default,Default,Default,Default,16,3,LongText,TeddDirectReused,179.378 ns,1.4110 ns,2.0682 ns,67 B,0 B
Match,Job-ZMHJYT,False,Default,Default,Default,Default,Default,Default,01000000000000000000000000000000,DOTNET_TieredCompilation=0,RyuJit,Default,X64,8c5e7fda-e8bf-4a96-9a85-a6e23a8c635c,.NET 10.0,False,True,False,True,Default,Default,False,False,False,Default,Default,Default,Default,Default,Default,Default,Default,10,100ms,3,Default,Default,Default,Default,Default,Default,16,3,LongText,TeddDirectStatic,212.491 ns,1.7013 ns,2.3849 ns,67 B,0 B
Match,Job-ZMHJYT,False,Default,Default,Default,Default,Default,Default,01000000000000000000000000000000,DOTNET_TieredCompilation=0,RyuJit,Default,X64,8c5e7fda-e8bf-4a96-9a85-a6e23a8c635c,.NET 10.0,False,True,False,True,Default,Default,False,False,False,Default,Default,Default,Default,Default,Default,Default,Default,10,100ms,3,Default,Default,Default,Default,Default,Default,16,3,MultiStar,DotNetGlob,59.668 ns,0.4871 ns,0.6667 ns,67 B,0 B
Match,Job-ZMHJYT,False,Default,Default,Default,Default,Default,Default,01000000000000000000000000000000,DOTNET_TieredCompilation=0,RyuJit,Default,X64,8c5e7fda-e8bf-4a96-9a85-a6e23a8c635c,.NET 10.0,False,True,False,True,Default,Default,False,False,False,Default,Default,Default,Default,Default,Default,Default,Default,10,100ms,3,Default,Default,Default,Default,Default,Default,16,3,MultiStar,TeddDirectReused,21.735 ns,0.4083 ns,0.5856 ns,67 B,0 B
Match,Job-ZMHJYT,False,Default,Default,Default,Default,Default,Default,01000000000000000000000000000000,DOTNET_TieredCompilation=0,RyuJit,Default,X64,8c5e7fda-e8bf-4a96-9a85-a6e23a8c635c,.NET 10.0,False,True,False,True,Default,Default,False,False,False,Default,Default,Default,Default,Default,Default,Default,Default,10,100ms,3,Default,Default,Default,Default,Default,Default,16,3,MultiStar,TeddDirectStatic,38.161 ns,1.5460 ns,2.1162 ns,67 B,0 B
Match,Job-ZMHJYT,False,Default,Default,Default,Default,Default,Default,01000000000000000000000000000000,DOTNET_TieredCompilation=0,RyuJit,Default,X64,8c5e7fda-e8bf-4a96-9a85-a6e23a8c635c,.NET 10.0,False,True,False,True,Default,Default,False,False,False,Default,Default,Default,Default,Default,Default,Default,Default,10,100ms,3,Default,Default,Default,Default,Default,Default,16,3,Simple,DotNetGlob,22.626 ns,0.0253 ns,0.0354 ns,67 B,0 B
Match,Job-ZMHJYT,False,Default,Default,Default,Default,Default,Default,01000000000000000000000000000000,DOTNET_TieredCompilation=0,RyuJit,Default,X64,8c5e7fda-e8bf-4a96-9a85-a6e23a8c635c,.NET 10.0,False,True,False,True,Default,Default,False,False,False,Default,Default,Default,Default,Default,Default,Default,Default,10,100ms,3,Default,Default,Default,Default,Default,Default,16,3,Simple,TeddDirectReused,5.511 ns,0.0239 ns,0.0343 ns,67 B,0 B
Match,Job-ZMHJYT,False,Default,Default,Default,Default,Default,Default,01000000000000000000000000000000,DOTNET_TieredCompilation=0,RyuJit,Default,X64,8c5e7fda-e8bf-4a96-9a85-a6e23a8c635c,.NET 10.0,False,True,False,True,Default,Default,False,False,False,Default,Default,Default,Default,Default,Default,Default,Default,10,100ms,3,Default,Default,Default,Default,Default,Default,16,3,Simple,TeddDirectStatic,19.836 ns,0.0455 ns,0.0622 ns,67 B,0 B
