Method,Job,AnalyzeLaunchVariance,EvaluateOverhead,MaxAbsoluteError,MaxRelativeError,MinInvokeCount,MinIterationTime,OutlierMode,Affinity,EnvironmentVariables,Jit,LargeAddressAware,Platform,PowerPlanMode,Runtime,AllowVeryLargeObjects,Concurrent,CpuGroups,Force,HeapAffinitizeMask,HeapCount,NoAffinitize,RetainVm,Server,Arguments,BuildConfiguration,Clock,EngineFactory,NuGetReferences,Toolchain,IsMutator,InvocationCount,IterationCount,IterationTime,LaunchCount,MaxIterationCount,MaxWarmupIterationCount,MemoryRandomization,MinIterationCount,MinWarmupIterationCount,RunStrategy,UnrollFactor,WarmupCount,Case,Mean,Error,StdDev,Median,Gen0,Code Size,Allocated
Match,Job-ZMHJYT,False,Default,Default,Default,Default,Default,Default,01000000000000000000000000000000,DOTNET_TieredCompilation=0,RyuJit,Default,X64,8c5e7fda-e8bf-4a96-9a85-a6e23a8c635c,.NET 10.0,False,True,False,True,Default,Default,False,False,False,Default,Default,Default,Default,Default,Default,Default,Default,10,100ms,3,Default,Default,Default,Default,Default,Default,16,3,Literal/DotNetGlob,17.437 ns,1.8050 ns,2.7016 ns,16.009 ns,0.0000,67 B,0 B
Match,Job-ZMHJYT,False,Default,Default,Default,Default,Default,Default,01000000000000000000000000000000,DOTNET_TieredCompilation=0,RyuJit,Default,X64,8c5e7fda-e8bf-4a96-9a85-a6e23a8c635c,.NET 10.0,False,True,False,True,Default,Default,False,False,False,Default,Default,Default,Default,Default,Default,Default,Default,10,100ms,3,Default,Default,Default,Default,Default,Default,16,3,Literal/FastWildcard,93.389 ns,18.0543 ns,25.8930 ns,82.597 ns,0.0000,67 B,0 B
Match,Job-ZMHJYT,False,Default,Default,Default,Default,Default,Default,01000000000000000000000000000000,DOTNET_TieredCompilation=0,RyuJit,Default,X64,8c5e7fda-e8bf-4a96-9a85-a6e23a8c635c,.NET 10.0,False,True,False,True,Default,Default,False,False,False,Default,Default,Default,Default,Default,Default,Default,Default,10,100ms,3,Default,Default,Default,Default,Default,Default,16,3,Liter(...)eused [24],7.073 ns,1.6560 ns,2.2668 ns,5.372 ns,0.0000,67 B,0 B
Match,Job-ZMHJYT,False,Default,Default,Default,Default,Default,Default,01000000000000000000000000000000,DOTNET_TieredCompilation=0,RyuJit,Default,X64,8c5e7fda-e8bf-4a96-9a85-a6e23a8c635c,.NET 10.0,False,True,False,True,Default,Default,False,False,False,Default,Default,Default,Default,Default,Default,Default,Default,10,100ms,3,Default,Default,Default,Default,Default,Default,16,3,Liter(...)tatic [24],14.584 ns,0.0267 ns,0.0366 ns,14.572 ns,0.0000,67 B,0 B
Match,Job-ZMHJYT,False,Default,Default,Default,Default,Default,Default,01000000000000000000000000000000,DOTNET_TieredCompilation=0,RyuJit,Default,X64,8c5e7fda-e8bf-4a96-9a85-a6e23a8c635c,.NET 10.0,False,True,False,True,Default,Default,False,False,False,Default,Default,Default,Default,Default,Default,Default,Default,10,100ms,3,Default,Default,Default,Default,Default,Default,16,3,Liter(...)piled [25],36.639 ns,0.0785 ns,0.1126 ns,36.613 ns,0.0000,67 B,0 B
Match,Job-ZMHJYT,False,Default,Default,Default,Default,Default,Default,01000000000000000000000000000000,DOTNET_TieredCompilation=0,RyuJit,Default,X64,8c5e7fda-e8bf-4a96-9a85-a6e23a8c635c,.NET 10.0,False,True,False,True,Default,Default,False,False,False,Default,Default,Default,Default,Default,Default,Default,Default,10,100ms,3,Default,Default,Default,Default,Default,Default,16,3,Liter(...)eused [23],89.418 ns,0.6255 ns,0.9362 ns,88.854 ns,0.0000,67 B,0 B
Match,Job-ZMHJYT,False,Default,Default,Default,Default,Default,Default,01000000000000000000000000000000,DOTNET_TieredCompilation=0,RyuJit,Default,X64,8c5e7fda-e8bf-4a96-9a85-a6e23a8c635c,.NET 10.0,False,True,False,True,Default,Default,False,False,False,Default,Default,Default,Default,Default,Default,Default,Default,10,100ms,3,Default,Default,Default,Default,Default,Default,16,3,Liter(...)tatic [23],230.323 ns,1.9129 ns,2.5536 ns,228.789 ns,0.0068,67 B,120 B
Match,Job-ZMHJYT,False,Default,Default,Default,Default,Default,Default,01000000000000000000000000000000,DOTNET_TieredCompilation=0,RyuJit,Default,X64,8c5e7fda-e8bf-4a96-9a85-a6e23a8c635c,.NET 10.0,False,True,False,True,Default,Default,False,False,False,Default,Default,Default,Default,Default,Default,Default,Default,10,100ms,3,Default,Default,Default,Default,Default,Default,16,3,Liter(...)Match [21],33.814 ns,3.5405 ns,5.0777 ns,30.336 ns,0.0028,67 B,48 B
Match,Job-ZMHJYT,False,Default,Default,Default,Default,Default,Default,01000000000000000000000000000000,DOTNET_TieredCompilation=0,RyuJit,Default,X64,8c5e7fda-e8bf-4a96-9a85-a6e23a8c635c,.NET 10.0,False,True,False,True,Default,Default,False,False,False,Default,Default,Default,Default,Default,Default,Default,Default,10,100ms,3,Default,Default,Default,Default,Default,Default,16,3,LongText/DotNetGlob,"7,183.610 ns",15.1738 ns,21.7618 ns,"7,173.654 ns",0.0000,67 B,0 B
Match,Job-ZMHJYT,False,Default,Default,Default,Default,Default,Default,01000000000000000000000000000000,DOTNET_TieredCompilation=0,RyuJit,Default,X64,8c5e7fda-e8bf-4a96-9a85-a6e23a8c635c,.NET 10.0,False,True,False,True,Default,Default,False,False,False,Default,Default,Default,Default,Default,Default,Default,Default,10,100ms,3,Default,Default,Default,Default,Default,Default,16,3,LongT(...)dcard [21],262.319 ns,1.1204 ns,1.6769 ns,262.187 ns,0.0000,67 B,0 B
Match,Job-ZMHJYT,False,Default,Default,Default,Default,Default,Default,01000000000000000000000000000000,DOTNET_TieredCompilation=0,RyuJit,Default,X64,8c5e7fda-e8bf-4a96-9a85-a6e23a8c635c,.NET 10.0,False,True,False,True,Default,Default,False,False,False,Default,Default,Default,Default,Default,Default,Default,Default,10,100ms,3,Default,Default,Default,Default,Default,Default,16,3,LongT(...)eused [25],223.953 ns,32.3416 ns,47.4059 ns,198.846 ns,0.0000,67 B,0 B
Match,Job-ZMHJYT,False,Default,Default,Default,Default,Default,Default,01000000000000000000000000000000,DOTNET_TieredCompilation=0,RyuJit,Default,X64,8c5e7fda-e8bf-4a96-9a85-a6e23a8c635c,.NET 10.0,False,True,False,True,Default,Default,False,False,False,Default,Default,Default,Default,Default,Default,Default,Default,10,100ms,3,Default,Default,Default,Default,Default,Default,16,3,LongT(...)tatic [25],298.915 ns,58.4504 ns,85.6759 ns,264.715 ns,0.0000,67 B,0 B
Match,Job-ZMHJYT,False,Default,Default,Default,Default,Default,Default,01000000000000000000000000000000,DOTNET_TieredCompilation=0,RyuJit,Default,X64,8c5e7fda-e8bf-4a96-9a85-a6e23a8c635c,.NET 10.0,False,True,False,True,Default,Default,False,False,False,Default,Default,Default,Default,Default,Default,Default,Default,10,100ms,3,Default,Default,Default,Default,Default,Default,16,3,LongT(...)piled [26],460.052 ns,60.4317 ns,86.6693 ns,414.461 ns,0.0000,67 B,0 B
Match,Job-ZMHJYT,False,Default,Default,Default,Default,Default,Default,01000000000000000000000000000000,DOTNET_TieredCompilation=0,RyuJit,Default,X64,8c5e7fda-e8bf-4a96-9a85-a6e23a8c635c,.NET 10.0,False,True,False,True,Default,Default,False,False,False,Default,Default,Default,Default,Default,Default,Default,Default,10,100ms,3,Default,Default,Default,Default,Default,Default,16,3,LongT(...)eused [24],"24,481.448 ns",171.3999 ns,240.2788 ns,"24,372.766 ns",0.0000,67 B,0 B
Match,Job-ZMHJYT,False,Default,Default,Default,Default,Default,Default,01000000000000000000000000000000,DOTNET_TieredCompilation=0,RyuJit,Default,X64,8c5e7fda-e8bf-4a96-9a85-a6e23a8c635c,.NET 10.0,False,True,False,True,Default,Default,False,False,False,Default,Default,Default,Default,Default,Default,Default,Default,10,100ms,3,Default,Default,Default,Default,Default,Default,16,3,LongT(...)tatic [24],"25,115.106 ns",561.0318 ns,748.9614 ns,"24,852.515 ns",0.0000,67 B,192 B
Match,Job-ZMHJYT,False,Default,Default,Default,Default,Default,Default,01000000000000000000000000000000,DOTNET_TieredCompilation=0,RyuJit,Default,X64,8c5e7fda-e8bf-4a96-9a85-a6e23a8c635c,.NET 10.0,False,True,False,True,Default,Default,False,False,False,Default,Default,Default,Default,Default,Default,Default,Default,10,100ms,3,Default,Default,Default,Default,Default,Default,16,3,LongT(...)Match [22],"14,366.975 ns",688.3240 ns,987.1738 ns,"13,954.213 ns",2.6507,67 B,44472 B
Match,Job-ZMHJYT,False,Default,Default,Default,Default,Default,Default,01000000000000000000000000000000,DOTNET_TieredCompilation=0,RyuJit,Default,X64,8c5e7fda-e8bf-4a96-9a85-a6e23a8c635c,.NET 10.0,False,True,False,True,Default,Default,False,False,False,Default,Default,Default,Default,Default,Default,Default,Default,10,100ms,3,Default,Default,Default,Default,Default,Default,16,3,MultiStar/DotNetGlob,61.524 ns,3.3648 ns,4.9321 ns,59.456 ns,0.0000,67 B,0 B
Match,Job-ZMHJYT,False,Default,Default,Default,Default,Default,Default,01000000000000000000000000000000,DOTNET_TieredCompilation=0,RyuJit,Default,X64,8c5e7fda-e8bf-4a96-9a85-a6e23a8c635c,.NET 10.0,False,True,False,True,Default,Default,False,False,False,Default,Default,Default,Default,Default,Default,Default,Default,10,100ms,3,Default,Default,Default,Default,Default,Default,16,3,Multi(...)dcard [22],65.861 ns,0.6308 ns,0.9047 ns,65.459 ns,0.0000,67 B,0 B
Match,Job-ZMHJYT,False,Default,Default,Default,Default,Default,Default,01000000000000000000000000000000,DOTNET_TieredCompilation=0,RyuJit,Default,X64,8c5e7fda-e8bf-4a96-9a85-a6e23a8c635c,.NET 10.0,False,True,False,True,Default,Default,False,False,False,Default,Default,Default,Default,Default,Default,Default,Default,10,100ms,3,Default,Default,Default,Default,Default,Default,16,3,Multi(...)eused [26],21.223 ns,0.0466 ns,0.0606 ns,21.223 ns,0.0000,67 B,0 B
Match,Job-ZMHJYT,False,Default,Default,Default,Default,Default,Default,01000000000000000000000000000000,DOTNET_TieredCompilation=0,RyuJit,Default,X64,8c5e7fda-e8bf-4a96-9a85-a6e23a8c635c,.NET 10.0,False,True,False,True,Default,Default,False,False,False,Default,Default,Default,Default,Default,Default,Default,Default,10,100ms,3,Default,Default,Default,Default,Default,Default,16,3,Multi(...)tatic [26],36.152 ns,0.1720 ns,0.2411 ns,36.059 ns,0.0000,67 B,0 B
Match,Job-ZMHJYT,False,Default,Default,Default,Default,Default,Default,01000000000000000000000000000000,DOTNET_TieredCompilation=0,RyuJit,Default,X64,8c5e7fda-e8bf-4a96-9a85-a6e23a8c635c,.NET 10.0,False,True,False,True,Default,Default,False,False,False,Default,Default,Default,Default,Default,Default,Default,Default,10,100ms,3,Default,Default,Default,Default,Default,Default,16,3,Multi(...)piled [27],52.461 ns,0.2788 ns,0.3999 ns,52.636 ns,0.0000,67 B,0 B
Match,Job-ZMHJYT,False,Default,Default,Default,Default,Default,Default,01000000000000000000000000000000,DOTNET_TieredCompilation=0,RyuJit,Default,X64,8c5e7fda-e8bf-4a96-9a85-a6e23a8c635c,.NET 10.0,False,True,False,True,Default,Default,False,False,False,Default,Default,Default,Default,Default,Default,Default,Default,10,100ms,3,Default,Default,Default,Default,Default,Default,16,3,Multi(...)eused [25],219.633 ns,1.4638 ns,2.0993 ns,218.939 ns,0.0000,67 B,0 B
Match,Job-ZMHJYT,False,Default,Default,Default,Default,Default,Default,01000000000000000000000000000000,DOTNET_TieredCompilation=0,RyuJit,Default,X64,8c5e7fda-e8bf-4a96-9a85-a6e23a8c635c,.NET 10.0,False,True,False,True,Default,Default,False,False,False,Default,Default,Default,Default,Default,Default,Default,Default,10,100ms,3,Default,Default,Default,Default,Default,Default,16,3,Multi(...)tatic [25],306.868 ns,2.2405 ns,3.2132 ns,306.425 ns,0.0061,67 B,104 B
Match,Job-ZMHJYT,False,Default,Default,Default,Default,Default,Default,01000000000000000000000000000000,DOTNET_TieredCompilation=0,RyuJit,Default,X64,8c5e7fda-e8bf-4a96-9a85-a6e23a8c635c,.NET 10.0,False,True,False,True,Default,Default,False,False,False,Default,Default,Default,Default,Default,Default,Default,Default,10,100ms,3,Default,Default,Default,Default,Default,Default,16,3,Multi(...)Match [23],141.389 ns,2.7571 ns,4.0413 ns,140.310 ns,0.0279,67 B,479 B
Match,Job-ZMHJYT,False,Default,Default,Default,Default,Default,Default,01000000000000000000000000000000,DOTNET_TieredCompilation=0,RyuJit,Default,X64,8c5e7fda-e8bf-4a96-9a85-a6e23a8c635c,.NET 10.0,False,True,False,True,Default,Default,False,False,False,Default,Default,Default,Default,Default,Default,Default,Default,10,100ms,3,Default,Default,Default,Default,Default,Default,16,3,Simple/DotNetGlob,22.546 ns,0.0653 ns,0.0937 ns,22.518 ns,0.0000,67 B,0 B
Match,Job-ZMHJYT,False,Default,Default,Default,Default,Default,Default,01000000000000000000000000000000,DOTNET_TieredCompilation=0,RyuJit,Default,X64,8c5e7fda-e8bf-4a96-9a85-a6e23a8c635c,.NET 10.0,False,True,False,True,Default,Default,False,False,False,Default,Default,Default,Default,Default,Default,Default,Default,10,100ms,3,Default,Default,Default,Default,Default,Default,16,3,Simple/FastWildcard,84.143 ns,0.2609 ns,0.3742 ns,84.239 ns,0.0000,67 B,0 B
Match,Job-ZMHJYT,False,Default,Default,Default,Default,Default,Default,01000000000000000000000000000000,DOTNET_TieredCompilation=0,RyuJit,Default,X64,8c5e7fda-e8bf-4a96-9a85-a6e23a8c635c,.NET 10.0,False,True,False,True,Default,Default,False,False,False,Default,Default,Default,Default,Default,Default,Default,Default,10,100ms,3,Default,Default,Default,Default,Default,Default,16,3,Simpl(...)eused [23],5.318 ns,0.0065 ns,0.0095 ns,5.316 ns,0.0000,67 B,0 B
Match,Job-ZMHJYT,False,Default,Default,Default,Default,Default,Default,01000000000000000000000000000000,DOTNET_TieredCompilation=0,RyuJit,Default,X64,8c5e7fda-e8bf-4a96-9a85-a6e23a8c635c,.NET 10.0,False,True,False,True,Default,Default,False,False,False,Default,Default,Default,Default,Default,Default,Default,Default,10,100ms,3,Default,Default,Default,Default,Default,Default,16,3,Simpl(...)tatic [23],19.004 ns,0.2931 ns,0.3912 ns,18.906 ns,0.0000,67 B,0 B
Match,Job-ZMHJYT,False,Default,Default,Default,Default,Default,Default,01000000000000000000000000000000,DOTNET_TieredCompilation=0,RyuJit,Default,X64,8c5e7fda-e8bf-4a96-9a85-a6e23a8c635c,.NET 10.0,False,True,False,True,Default,Default,False,False,False,Default,Default,Default,Default,Default,Default,Default,Default,10,100ms,3,Default,Default,Default,Default,Default,Default,16,3,Simpl(...)piled [24],37.383 ns,0.1667 ns,0.2391 ns,37.394 ns,0.0000,67 B,0 B
Match,Job-ZMHJYT,False,Default,Default,Default,Default,Default,Default,01000000000000000000000000000000,DOTNET_TieredCompilation=0,RyuJit,Default,X64,8c5e7fda-e8bf-4a96-9a85-a6e23a8c635c,.NET 10.0,False,True,False,True,Default,Default,False,False,False,Default,Default,Default,Default,Default,Default,Default,Default,10,100ms,3,Default,Default,Default,Default,Default,Default,16,3,Simpl(...)eused [22],82.957 ns,0.3711 ns,0.5440 ns,83.028 ns,0.0000,67 B,0 B
Match,Job-ZMHJYT,False,Default,Default,Default,Default,Default,Default,01000000000000000000000000000000,DOTNET_TieredCompilation=0,RyuJit,Default,X64,8c5e7fda-e8bf-4a96-9a85-a6e23a8c635c,.NET 10.0,False,True,False,True,Default,Default,False,False,False,Default,Default,Default,Default,Default,Default,Default,Default,10,100ms,3,Default,Default,Default,Default,Default,Default,16,3,Simpl(...)tatic [22],183.736 ns,1.0947 ns,1.6046 ns,183.847 ns,0.0074,67 B,136 B
Match,Job-ZMHJYT,False,Default,Default,Default,Default,Default,Default,01000000000000000000000000000000,DOTNET_TieredCompilation=0,RyuJit,Default,X64,8c5e7fda-e8bf-4a96-9a85-a6e23a8c635c,.NET 10.0,False,True,False,True,Default,Default,False,False,False,Default,Default,Default,Default,Default,Default,Default,Default,10,100ms,3,Default,Default,Default,Default,Default,Default,16,3,Simple/WildcardMatch,35.963 ns,0.3837 ns,0.5379 ns,35.995 ns,0.0025,67 B,48 B
